Submission ID,Common Name,Scientific Name,Taxonomic Order,Count,State/Province,County,Location ID,Location,Latitude,Longitude,Date,Time,Protocol,Duration (Min),All Obs Reported,Distance Traveled (km),Area Covered (ha),Number of Observers,Breeding Code,Observation Details,Checklist Comments
S100274204,Northern Shoveler,Spatula clypeata,443,37,TW-CYQ,,L17352184,白水湖鹽田,23.420503,120.161195,2022-01-07,15:54,eBird - Traveling Count,24.0,1,3.888,,3,,,NYBC 白水湖鹽田
S100274204,Green-winged Teal,Anas crecca,541,1,TW-CYQ,,L17352184,白水湖鹽田,23.420503,120.161195,2022-01-07,15:54,eBird - Traveling Count,24.0,1,3.888,,3,,,NYBC 白水湖鹽田
S100274204,Little Grebe,Tachybaptus ruficollis,1758,43,TW-CYQ,,L17352184,白水湖鹽田,23.420503,120.161195,2022-01-07,15:54,eBird - Traveling Count,24.0,1,3.888,,3,,,NYBC 白水湖鹽田
S100274204,Red Collared-Dove,Streptopelia tranquebarica,2024,46,TW-CYQ,,L17352184,白水湖鹽田,23.420503,120.161195,2022-01-07,15:54,eBird - Traveling Count,24.0,1,3.888,,3,,,NYBC 白水湖鹽田
S100274204,Black-winged Stilt,Himantopus himantopus,5619,13,TW-CYQ,,L17352184,白水湖鹽田,23.420503,120.161195,2022-01-07,15:54,eBird - Traveling Count,24.0,1,3.888,,3,,,NYBC 白水湖鹽田
S100274204,Pied Avocet,Recurvirostra avosetta,5633,15,TW-CYQ,,L17352184,白水湖鹽田,23.420503,120.161195,2022-01-07,15:54,eBird - Traveling Count,24.0,1,3.888,,3,,,NYBC 白水湖鹽田
S100274204,Pacific Golden-Plover,Pluvialis fulva,5669,363,TW-CYQ,,L17352184,白水湖鹽田,23.420503,120.161195,2022-01-07,15:54,eBird - Traveling Count,24.0,1,3.888,,3,,,NYBC 白水湖鹽田
S100274204,Kentish Plover,Charadrius alexandrinus,5750,1,TW-CYQ,,L17352184,白水湖鹽田,23.420503,120.161195,2022-01-07,15:54,eBird - Traveling Count,24.0,1,3.888,,3,,,NYBC 白水湖鹽田
S100274204,Dunlin,Calidris alpina,5923,11,TW-CYQ,,L17352184,白水湖鹽田,23.420503,120.161195,2022-01-07,15:54,eBird - Traveling Count,24.0,1,3.888,,3,,,NYBC 白水湖鹽田
S100274204,Common Sandpiper,Actitis hypoleucos,6025,1,TW-CYQ,,L17352184,白水湖鹽田,23.420503,120.161195,2022-01-07,15:54,eBird - Traveling Count,24.0,1,3.888,,3,,,NYBC 白水湖鹽田
S100274204,Common Greenshank,Tringa nebularia,6037,6,TW-CYQ,,L17352184,白水湖鹽田,23.420503,120.161195,2022-01-07,15:54,eBird - Traveling Count,24.0,1,3.888,,3,,,NYBC 白水湖鹽田
S100274204,Common Redshank,Tringa totanus,6047,1,TW-CYQ,,L17352184,白水湖鹽田,23.420503,120.161195,2022-01-07,15:54,eBird - Traveling Count,24.0,1,3.888,,3,,,NYBC 白水湖鹽田
S100274204,shorebird sp.,Charadriiformes sp.,6167,5,TW-CYQ,,L17352184,白水湖鹽田,23.420503,120.161195,2022-01-07,15:54,eBird - Traveling Count,24.0,1,3.888,,3,,,NYBC 白水湖鹽田
S100274204,Black-headed Gull,Chroicocephalus ridibundus,6285,4,TW-CYQ,,L17352184,白水湖鹽田,23.420503,120.161195,2022-01-07,15:54,eBird - Traveling Count,24.0,1,3.888,,3,,,NYBC 白水湖鹽田
S100274204,Caspian Tern,Hydroprogne caspia,6501,3,TW-CYQ,,L17352184,白水湖鹽田,23.420503,120.161195,2022-01-07,15:54,eBird - Traveling Count,24.0,1,3.888,,3,,,NYBC 白水湖鹽田
S100274204,Whiskered Tern,Chlidonias hybrida,6507,9,TW-CYQ,,L17352184,白水湖鹽田,23.420503,120.161195,2022-01-07,15:54,eBird - Traveling Count,24.0,1,3.888,,3,,,NYBC 白水湖鹽田
S100274204,Great Egret,Ardea alba,7200,5,TW-CYQ,,L17352184,白水湖鹽田,23.420503,120.161195,2022-01-07,15:54,eBird - Traveling Count,24.0,1,3.888,,3,,,NYBC 白水湖鹽田
S100274204,Little Egret,Egretta garzetta,7217,21,TW-CYQ,,L17352184,白水湖鹽田,23.420503,120.161195,2022-01-07,15:54,eBird - Traveling Count,24.0,1,3.888,,3,,,NYBC 白水湖鹽田
S100274204,Striated Heron,Butorides striata,7267,2,TW-CYQ,,L17352184,白水湖鹽田,23.420503,120.161195,2022-01-07,15:54,eBird - Traveling Count,24.0,1,3.888,,3,,,NYBC 白水湖鹽田
S100274204,Black-crowned Night-Heron,Nycticorax nycticorax,7305,5,TW-CYQ,,L17352184,白水湖鹽田,23.420503,120.161195,2022-01-07,15:54,eBird - Traveling Count,24.0,1,3.888,,3,,,NYBC 白水湖鹽田
S100274204,Common Kingfisher,Alcedo atthis,9389,1,TW-CYQ,,L17352184,白水湖鹽田,23.420503,120.161195,2022-01-07,15:54,eBird - Traveling Count,24.0,1,3.888,,3,,,NYBC 白水湖鹽田
S100274204,Plain Prinia,Prinia inornata,22454,3,TW-CYQ,,L17352184,白水湖鹽田,23.420503,120.161195,2022-01-07,15:54,eBird - Traveling Count,24.0,1,3.888,,3,,,NYBC 白水湖鹽田
S100274204,Pacific Swallow,Hirundo tahitica,23319,6,TW-CYQ,,L17352184,白水湖鹽田,23.420503,120.161195,2022-01-07,15:54,eBird - Traveling Count,24.0,1,3.888,,3,,,NYBC 白水湖鹽田
S100274204,Light-vented Bulbul,Pycnonotus sinensis,23672,15,TW-CYQ,,L17352184,白水湖鹽田,23.420503,120.161195,2022-01-07,15:54,eBird - Traveling Count,24.0,1,3.888,,3,,,NYBC 白水湖鹽田
S100274204,Javan Myna,Acridotheres javanicus,26952,3,TW-CYQ,,L17352184,白水湖鹽田,23.420503,120.161195,2022-01-07,15:54,eBird - Traveling Count,24.0,1,3.888,,3,,,NYBC 白水湖鹽田
S100274204,Scaly-breasted Munia,Lonchura punctulata,30045,2,TW-CYQ,,L17352184,白水湖鹽田,23.420503,120.161195,2022-01-07,15:54,eBird - Traveling Count,24.0,1,3.888,,3,,,NYBC 白水湖鹽田
S100274204,Eurasian Tree Sparrow,Passer montanus,30560,36,TW-CYQ,,L17352184,白水湖鹽田,23.420503,120.161195,2022-01-07,15:54,eBird - Traveling Count,24.0,1,3.888,,3,,,NYBC 白水湖鹽田
S100263029,Eurasian Wigeon,Mareca penelope,454,2,TW-CYQ,,L17350514,"西濱公路, 東石鄉, TW (23.459, 120.166)",23.4593761,120.166014,2022-01-07,15:12,eBird - Traveling Count,47.04,1,7.64,,3,,,
S100263029,Little Grebe,Tachybaptus ruficollis,1758,1,TW-CYQ,,L17350514,"西濱公路, 東石鄉, TW (23.459, 120.166)",23.4593761,120.166014,2022-01-07,15:12,eBird - Traveling Count,47.04,1,7.64,,3,,,
S100263029,Rock Pigeon (Feral Pigeon),Columba livia (Feral Pigeon),1842,31,TW-CYQ,,L17350514,"西濱公路, 東石鄉, TW (23.459, 120.166)",23.4593761,120.166014,2022-01-07,15:12,eBird - Traveling Count,47.04,1,7.64,,3,,,
S100263029,Spotted Dove,Streptopelia chinensis,2034,1,TW-CYQ,,L17350514,"西濱公路, 東石鄉, TW (23.459, 120.166)",23.4593761,120.166014,2022-01-07,15:12,eBird - Traveling Count,47.04,1,7.64,,3,,,
S100263029,Eurasian Moorhen,Gallinula chloropus,5321,1,TW-CYQ,,L17350514,"西濱公路, 東石鄉, TW (23.459, 120.166)",23.4593761,120.166014,2022-01-07,15:12,eBird - Traveling Count,47.04,1,7.64,,3,,,
S100263029,Black-winged Stilt,Himantopus himantopus,5619,15,TW-CYQ,,L17350514,"西濱公路, 東石鄉, TW (23.459, 120.166)",23.4593761,120.166014,2022-01-07,15:12,eBird - Traveling Count,47.04,1,7.64,,3,,,
S100263029,Kentish Plover,Charadrius alexandrinus,5750,13,TW-CYQ,,L17350514,"西濱公路, 東石鄉, TW (23.459, 120.166)",23.4593761,120.166014,2022-01-07,15:12,eBird - Traveling Count,47.04,1,7.64,,3,,,
S100263029,Dunlin,Calidris alpina,5923,9,TW-CYQ,,L17350514,"西濱公路, 東石鄉, TW (23.459, 120.166)",23.4593761,120.166014,2022-01-07,15:12,eBird - Traveling Count,47.04,1,7.64,,3,,,
S100263029,Common Greenshank,Tringa nebularia,6037,1,TW-CYQ,,L17350514,"西濱公路, 東石鄉, TW (23.459, 120.166)",23.4593761,120.166014,2022-01-07,15:12,eBird - Traveling Count,47.04,1,7.64,,3,,,
S100263029,Common Redshank,Tringa totanus,6047,5,TW-CYQ,,L17350514,"西濱公路, 東石鄉, TW (23.459, 120.166)",23.4593761,120.166014,2022-01-07,15:12,eBird - Traveling Count,47.04,1,7.64,,3,,,
S100263029,Black-headed Gull,Chroicocephalus ridibundus,6285,569,TW-CYQ,,L17350514,"西濱公路, 東石鄉, TW (23.459, 120.166)",23.4593761,120.166014,2022-01-07,15:12,eBird - Traveling Count,47.04,1,7.64,,3,,,
S100263029,Herring Gull (Vega),Larus argentatus vegae,6341,1,TW-CYQ,,L17350514,"西濱公路, 東石鄉, TW (23.459, 120.166)",23.4593761,120.166014,2022-01-07,15:12,eBird - Traveling Count,47.04,1,7.64,,3,,,
S100263029,Caspian Tern,Hydroprogne caspia,6501,2,TW-CYQ,,L17350514,"西濱公路, 東石鄉, TW (23.459, 120.166)",23.4593761,120.166014,2022-01-07,15:12,eBird - Traveling Count,47.04,1,7.64,,3,,,
S100263029,Whiskered Tern,Chlidonias hybrida,6507,20,TW-CYQ,,L17350514,"西濱公路, 東石鄉, TW (23.459, 120.166)",23.4593761,120.166014,2022-01-07,15:12,eBird - Traveling Count,47.04,1,7.64,,3,,,
S100263029,Gray Heron,Ardea cinerea,7176,1,TW-CYQ,,L17350514,"西濱公路, 東石鄉, TW (23.459, 120.166)",23.4593761,120.166014,2022-01-07,15:12,eBird - Traveling Count,47.04,1,7.64,,3,,,
S100263029,Great Egret,Ardea alba,7200,5,TW-CYQ,,L17350514,"西濱公路, 東石鄉, TW (23.459, 120.166)",23.4593761,120.166014,2022-01-07,15:12,eBird - Traveling Count,47.04,1,7.64,,3,,,
S100263029,Intermediate Egret,Ardea intermedia,7207,2,TW-CYQ,,L17350514,"西濱公路, 東石鄉, TW (23.459, 120.166)",23.4593761,120.166014,2022-01-07,15:12,eBird - Traveling Count,47.04,1,7.64,,3,,,
S100263029,Little Egret,Egretta garzetta,7217,20,TW-CYQ,,L17350514,"西濱公路, 東石鄉, TW (23.459, 120.166)",23.4593761,120.166014,2022-01-07,15:12,eBird - Traveling Count,47.04,1,7.64,,3,,,
S100263029,Black-crowned Night-Heron,Nycticorax nycticorax,7305,3,TW-CYQ,,L17350514,"西濱公路, 東石鄉, TW (23.459, 120.166)",23.4593761,120.166014,2022-01-07,15:12,eBird - Traveling Count,47.04,1,7.64,,3,,,
S100263029,Brown Shrike,Lanius cristatus,20246,1,TW-CYQ,,L17350514,"西濱公路, 東石鄉, TW (23.459, 120.166)",23.4593761,120.166014,2022-01-07,15:12,eBird - Traveling Count,47.04,1,7.64,,3,,,
S100263029,Gray-throated Martin,Riparia chinensis,23238,80,TW-CYQ,,L17350514,"西濱公路, 東石鄉, TW (23.459, 120.166)",23.4593761,120.166014,2022-01-07,15:12,eBird - Traveling Count,47.04,1,7.64,,3,,,
S100263029,Barn Swallow,Hirundo rustica,23291,2,TW-CYQ,,L17350514,"西濱公路, 東石鄉, TW (23.459, 120.166)",23.4593761,120.166014,2022-01-07,15:12,eBird - Traveling Count,47.04,1,7.64,,3,,,
S100263029,Eurasian Tree Sparrow,Passer montanus,30560,1,TW-CYQ,,L17350514,"西濱公路, 東石鄉, TW (23.459, 120.166)",23.4593761,120.166014,2022-01-07,15:12,eBird - Traveling Count,47.04,1,7.64,,3,,,
S100263029,White Wagtail (Chinese),Motacilla alba leucopsis,30686,1,TW-CYQ,,L17350514,"西濱公路, 東石鄉, TW (23.459, 120.166)",23.4593761,120.166014,2022-01-07,15:12,eBird - Traveling Count,47.04,1,7.64,,3,,,
S100274191,Northern Shoveler,Spatula clypeata,443,69,TW-CYQ,,L4134411,嘉義朴子溪口IBA--東石網寮(Puzi River Estuary IBA--Dongshi Wangliao),23.436818,120.1545954,2022-01-07,15:10,eBird - Traveling Count,40.02,1,2.306,,3,,,NYBC 網寮鹽田南
S100274191,Northern Pintail,Anas acuta,526,3,TW-CYQ,,L4134411,嘉義朴子溪口IBA--東石網寮(Puzi River Estuary IBA--Dongshi Wangliao),23.436818,120.1545954,2022-01-07,15:10,eBird - Traveling Count,40.02,1,2.306,,3,,,NYBC 網寮鹽田南
S100274191,Red Collared-Dove,Streptopelia tranquebarica,2024,3,TW-CYQ,,L4134411,嘉義朴子溪口IBA--東石網寮(Puzi River Estuary IBA--Dongshi Wangliao),23.436818,120.1545954,2022-01-07,15:10,eBird - Traveling Count,40.02,1,2.306,,3,,,NYBC 網寮鹽田南
S100274191,Black-winged Stilt,Himantopus himantopus,5619,3,TW-CYQ,,L4134411,嘉義朴子溪口IBA--東石網寮(Puzi River Estuary IBA--Dongshi Wangliao),23.436818,120.1545954,2022-01-07,15:10,eBird - Traveling Count,40.02,1,2.306,,3,,,NYBC 網寮鹽田南
S100274191,Pied Avocet,Recurvirostra avosetta,5633,63,TW-CYQ,,L4134411,嘉義朴子溪口IBA--東石網寮(Puzi River Estuary IBA--Dongshi Wangliao),23.436818,120.1545954,2022-01-07,15:10,eBird - Traveling Count,40.02,1,2.306,,3,,,NYBC 網寮鹽田南
S100274191,Black-bellied Plover,Pluvialis squatarola,5664,3,TW-CYQ,,L4134411,嘉義朴子溪口IBA--東石網寮(Puzi River Estuary IBA--Dongshi Wangliao),23.436818,120.1545954,2022-01-07,15:10,eBird - Traveling Count,40.02,1,2.306,,3,,,NYBC 網寮鹽田南
S100274191,Pacific Golden-Plover,Pluvialis fulva,5669,8,TW-CYQ,,L4134411,嘉義朴子溪口IBA--東石網寮(Puzi River Estuary IBA--Dongshi Wangliao),23.436818,120.1545954,2022-01-07,15:10,eBird - Traveling Count,40.02,1,2.306,,3,,,NYBC 網寮鹽田南
S100274191,Kentish Plover,Charadrius alexandrinus,5750,776,TW-CYQ,,L4134411,嘉義朴子溪口IBA--東石網寮(Puzi River Estuary IBA--Dongshi Wangliao),23.436818,120.1545954,2022-01-07,15:10,eBird - Traveling Count,40.02,1,2.306,,3,,,NYBC 網寮鹽田南
S100274191,Red-necked Stint,Calidris ruficollis,5921,49,TW-CYQ,,L4134411,嘉義朴子溪口IBA--東石網寮(Puzi River Estuary IBA--Dongshi Wangliao),23.436818,120.1545954,2022-01-07,15:10,eBird - Traveling Count,40.02,1,2.306,,3,,,NYBC 網寮鹽田南
S100274191,Dunlin,Calidris alpina,5923,427,TW-CYQ,,L4134411,嘉義朴子溪口IBA--東石網寮(Puzi River Estuary IBA--Dongshi Wangliao),23.436818,120.1545954,2022-01-07,15:10,eBird - Traveling Count,40.02,1,2.306,,3,,,NYBC 網寮鹽田南
S100274191,Common Greenshank,Tringa nebularia,6037,1,TW-CYQ,,L4134411,嘉義朴子溪口IBA--東石網寮(Puzi River Estuary IBA--Dongshi Wangliao),23.436818,120.1545954,2022-01-07,15:10,eBird - Traveling Count,40.02,1,2.306,,3,,,NYBC 網寮鹽田南
S100274191,Black-headed Gull,Chroicocephalus ridibundus,6285,70,TW-CYQ,,L4134411,嘉義朴子溪口IBA--東石網寮(Puzi River Estuary IBA--Dongshi Wangliao),23.436818,120.1545954,2022-01-07,15:10,eBird - Traveling Count,40.02,1,2.306,,3,,,NYBC 網寮鹽田南
S100274191,Herring Gull,Larus argentatus,6339,1,TW-CYQ,,L4134411,嘉義朴子溪口IBA--東石網寮(Puzi River Estuary IBA--Dongshi Wangliao),23.436818,120.1545954,2022-01-07,15:10,eBird - Traveling Count,40.02,1,2.306,,3,,,NYBC 網寮鹽田南
S100274191,Whiskered Tern,Chlidonias hybrida,6507,1,TW-CYQ,,L4134411,嘉義朴子溪口IBA--東石網寮(Puzi River Estuary IBA--Dongshi Wangliao),23.436818,120.1545954,2022-01-07,15:10,eBird - Traveling Count,40.02,1,2.306,,3,,,NYBC 網寮鹽田南
S100274191,Great Cormorant,Phalacrocorax carbo,7042,39,TW-CYQ,,L4134411,嘉義朴子溪口IBA--東石網寮(Puzi River Estuary IBA--Dongshi Wangliao),23.436818,120.1545954,2022-01-07,15:10,eBird - Traveling Count,40.02,1,2.306,,3,,,NYBC 網寮鹽田南
S100274191,Gray Heron,Ardea cinerea,7176,4,TW-CYQ,,L4134411,嘉義朴子溪口IBA--東石網寮(Puzi River Estuary IBA--Dongshi Wangliao),23.436818,120.1545954,2022-01-07,15:10,eBird - Traveling Count,40.02,1,2.306,,3,,,NYBC 網寮鹽田南
S100274191,Great Egret,Ardea alba,7200,7,TW-CYQ,,L4134411,嘉義朴子溪口IBA--東石網寮(Puzi River Estuary IBA--Dongshi Wangliao),23.436818,120.1545954,2022-01-07,15:10,eBird - Traveling Count,40.02,1,2.306,,3,,,NYBC 網寮鹽田南
S100274191,Little Egret,Egretta garzetta,7217,8,TW-CYQ,,L4134411,嘉義朴子溪口IBA--東石網寮(Puzi River Estuary IBA--Dongshi Wangliao),23.436818,120.1545954,2022-01-07,15:10,eBird - Traveling Count,40.02,1,2.306,,3,,,NYBC 網寮鹽田南
S100274191,Black-crowned Night-Heron,Nycticorax nycticorax,7305,1,TW-CYQ,,L4134411,嘉義朴子溪口IBA--東石網寮(Puzi River Estuary IBA--Dongshi Wangliao),23.436818,120.1545954,2022-01-07,15:10,eBird - Traveling Count,40.02,1,2.306,,3,,,NYBC 網寮鹽田南
S100274191,Plain Prinia,Prinia inornata,22454,3,TW-CYQ,,L4134411,嘉義朴子溪口IBA--東石網寮(Puzi River Estuary IBA--Dongshi Wangliao),23.436818,120.1545954,2022-01-07,15:10,eBird - Traveling Count,40.02,1,2.306,,3,,,NYBC 網寮鹽田南
S100274191,Light-vented Bulbul,Pycnonotus sinensis,23672,2,TW-CYQ,,L4134411,嘉義朴子溪口IBA--東石網寮(Puzi River Estuary IBA--Dongshi Wangliao),23.436818,120.1545954,2022-01-07,15:10,eBird - Traveling Count,40.02,1,2.306,,3,,,NYBC 網寮鹽田南
S100274191,Javan Myna,Acridotheres javanicus,26952,2,TW-CYQ,,L4134411,嘉義朴子溪口IBA--東石網寮(Puzi River Estuary IBA--Dongshi Wangliao),23.436818,120.1545954,2022-01-07,15:10,eBird - Traveling Count,40.02,1,2.306,,3,,,NYBC 網寮鹽田南
S100274191,Scaly-breasted Munia,Lonchura punctulata,30045,8,TW-CYQ,,L4134411,嘉義朴子溪口IBA--東石網寮(Puzi River Estuary IBA--Dongshi Wangliao),23.436818,120.1545954,2022-01-07,15:10,eBird - Traveling Count,40.02,1,2.306,,3,,,NYBC 網寮鹽田南
S100274191,Eurasian Tree Sparrow,Passer montanus,30560,16,TW-CYQ,,L4134411,嘉義朴子溪口IBA--東石網寮(Puzi River Estuary IBA--Dongshi Wangliao),23.436818,120.1545954,2022-01-07,15:10,eBird - Traveling Count,40.02,1,2.306,,3,,,NYBC 網寮鹽田南
S100262553,Little Grebe,Tachybaptus ruficollis,1758,7,TW-CYQ,,L17350432,"東石鄉, TW (23.458, 120.154)",23.45844,120.1537305,2022-01-07,14:50,eBird - Traveling Count,22.02,1,2.51,,3,,,
S100262553,Spotted Dove,Streptopelia chinensis,2034,2,TW-CYQ,,L17350432,"東石鄉, TW (23.458, 120.154)",23.45844,120.1537305,2022-01-07,14:50,eBird - Traveling Count,22.02,1,2.51,,3,,,
S100262553,Eurasian Moorhen,Gallinula chloropus,5321,2,TW-CYQ,,L17350432,"東石鄉, TW (23.458, 120.154)",23.45844,120.1537305,2022-01-07,14:50,eBird - Traveling Count,22.02,1,2.51,,3,,,
S100262553,Black-winged Stilt,Himantopus himantopus,5619,10,TW-CYQ,,L17350432,"東石鄉, TW (23.458, 120.154)",23.45844,120.1537305,2022-01-07,14:50,eBird - Traveling Count,22.02,1,2.51,,3,,,
S100262553,Black-bellied Plover,Pluvialis squatarola,5664,1,TW-CYQ,,L17350432,"東石鄉, TW (23.458, 120.154)",23.45844,120.1537305,2022-01-07,14:50,eBird - Traveling Count,22.02,1,2.51,,3,,,
S100262553,Pacific Golden-Plover,Pluvialis fulva,5669,5,TW-CYQ,,L17350432,"東石鄉, TW (23.458, 120.154)",23.45844,120.1537305,2022-01-07,14:50,eBird - Traveling Count,22.02,1,2.51,,3,,,
S100262553,Kentish Plover,Charadrius alexandrinus,5750,10,TW-CYQ,,L17350432,"東石鄉, TW (23.458, 120.154)",23.45844,120.1537305,2022-01-07,14:50,eBird - Traveling Count,22.02,1,2.51,,3,,,
S100262553,Dunlin,Calidris alpina,5923,24,TW-CYQ,,L17350432,"東石鄉, TW (23.458, 120.154)",23.45844,120.1537305,2022-01-07,14:50,eBird - Traveling Count,22.02,1,2.51,,3,,,
S100262553,Common Sandpiper,Actitis hypoleucos,6025,1,TW-CYQ,,L17350432,"東石鄉, TW (23.458, 120.154)",23.45844,120.1537305,2022-01-07,14:50,eBird - Traveling Count,22.02,1,2.51,,3,,,
S100262553,Black-headed Gull,Chroicocephalus ridibundus,6285,32,TW-CYQ,,L17350432,"東石鄉, TW (23.458, 120.154)",23.45844,120.1537305,2022-01-07,14:50,eBird - Traveling Count,22.02,1,2.51,,3,,,
S100262553,Gray Heron,Ardea cinerea,7176,1,TW-CYQ,,L17350432,"東石鄉, TW (23.458, 120.154)",23.45844,120.1537305,2022-01-07,14:50,eBird - Traveling Count,22.02,1,2.51,,3,,,
S100262553,Great Egret,Ardea alba,7200,7,TW-CYQ,,L17350432,"東石鄉, TW (23.458, 120.154)",23.45844,120.1537305,2022-01-07,14:50,eBird - Traveling Count,22.02,1,2.51,,3,,,
S100262553,Little Egret,Egretta garzetta,7217,155,TW-CYQ,,L17350432,"東石鄉, TW (23.458, 120.154)",23.45844,120.1537305,2022-01-07,14:50,eBird - Traveling Count,22.02,1,2.51,,3,,,
S100262553,Black-crowned Night-Heron,Nycticorax nycticorax,7305,2,TW-CYQ,,L17350432,"東石鄉, TW (23.458, 120.154)",23.45844,120.1537305,2022-01-07,14:50,eBird - Traveling Count,22.02,1,2.51,,3,,,
S100262553,Common Kingfisher,Alcedo atthis,9389,1,TW-CYQ,,L17350432,"東石鄉, TW (23.458, 120.154)",23.45844,120.1537305,2022-01-07,14:50,eBird - Traveling Count,22.02,1,2.51,,3,,,
S100262553,Gray-throated Martin,Riparia chinensis,23238,2,TW-CYQ,,L17350432,"東石鄉, TW (23.458, 120.154)",23.45844,120.1537305,2022-01-07,14:50,eBird - Traveling Count,22.02,1,2.51,,3,,,
S100262553,Barn Swallow,Hirundo rustica,23291,2,TW-CYQ,,L17350432,"東石鄉, TW (23.458, 120.154)",23.45844,120.1537305,2022-01-07,14:50,eBird - Traveling Count,22.02,1,2.51,,3,,,
S100262553,Light-vented Bulbul,Pycnonotus sinensis,23672,2,TW-CYQ,,L17350432,"東石鄉, TW (23.458, 120.154)",23.45844,120.1537305,2022-01-07,14:50,eBird - Traveling Count,22.02,1,2.51,,3,,,
S100262553,Common Myna,Acridotheres tristis,26935,2,TW-CYQ,,L17350432,"東石鄉, TW (23.458, 120.154)",23.45844,120.1537305,2022-01-07,14:50,eBird - Traveling Count,22.02,1,2.51,,3,,,
S100262553,Javan Myna,Acridotheres javanicus,26952,3,TW-CYQ,,L17350432,"東石鄉, TW (23.458, 120.154)",23.45844,120.1537305,2022-01-07,14:50,eBird - Traveling Count,22.02,1,2.51,,3,,,
S100262553,Eurasian Tree Sparrow,Passer montanus,30560,16,TW-CYQ,,L17350432,"東石鄉, TW (23.458, 120.154)",23.45844,120.1537305,2022-01-07,14:50,eBird - Traveling Count,22.02,1,2.51,,3,,,
S100262553,Eastern Yellow Wagtail,Motacilla tschutschensis,30655,2,TW-CYQ,,L17350432,"東石鄉, TW (23.458, 120.154)",23.45844,120.1537305,2022-01-07,14:50,eBird - Traveling Count,22.02,1,2.51,,3,,,
S100274183,Common Shelduck,Tadorna tadorna,381,1,TW-CYQ,,L4134411,嘉義朴子溪口IBA--東石網寮(Puzi River Estuary IBA--Dongshi Wangliao),23.436818,120.1545954,2022-01-07,14:18,eBird - Traveling Count,48.0,1,2.023,,3,,,NYBC 網寮鹽田北-2
S100274183,Northern Shoveler,Spatula clypeata,443,28,TW-CYQ,,L4134411,嘉義朴子溪口IBA--東石網寮(Puzi River Estuary IBA--Dongshi Wangliao),23.436818,120.1545954,2022-01-07,14:18,eBird - Traveling Count,48.0,1,2.023,,3,,,NYBC 網寮鹽田北-2
S100274183,Black-winged Stilt,Himantopus himantopus,5619,10,TW-CYQ,,L4134411,嘉義朴子溪口IBA--東石網寮(Puzi River Estuary IBA--Dongshi Wangliao),23.436818,120.1545954,2022-01-07,14:18,eBird - Traveling Count,48.0,1,2.023,,3,,,NYBC 網寮鹽田北-2
S100274183,Pied Avocet,Recurvirostra avosetta,5633,7,TW-CYQ,,L4134411,嘉義朴子溪口IBA--東石網寮(Puzi River Estuary IBA--Dongshi Wangliao),23.436818,120.1545954,2022-01-07,14:18,eBird - Traveling Count,48.0,1,2.023,,3,,,NYBC 網寮鹽田北-2
S100274183,Pacific Golden-Plover,Pluvialis fulva,5669,3,TW-CYQ,,L4134411,嘉義朴子溪口IBA--東石網寮(Puzi River Estuary IBA--Dongshi Wangliao),23.436818,120.1545954,2022-01-07,14:18,eBird - Traveling Count,48.0,1,2.023,,3,,,NYBC 網寮鹽田北-2
S100274183,Kentish Plover,Charadrius alexandrinus,5750,2352,TW-CYQ,,L4134411,嘉義朴子溪口IBA--東石網寮(Puzi River Estuary IBA--Dongshi Wangliao),23.436818,120.1545954,2022-01-07,14:18,eBird - Traveling Count,48.0,1,2.023,,3,,,NYBC 網寮鹽田北-2
S100274183,Eurasian Curlew,Numenius arquata,5869,7,TW-CYQ,,L4134411,嘉義朴子溪口IBA--東石網寮(Puzi River Estuary IBA--Dongshi Wangliao),23.436818,120.1545954,2022-01-07,14:18,eBird - Traveling Count,48.0,1,2.023,,3,,,NYBC 網寮鹽田北-2
S100274183,Red-necked Stint,Calidris ruficollis,5921,12,TW-CYQ,,L4134411,嘉義朴子溪口IBA--東石網寮(Puzi River Estuary IBA--Dongshi Wangliao),23.436818,120.1545954,2022-01-07,14:18,eBird - Traveling Count,48.0,1,2.023,,3,,,NYBC 網寮鹽田北-2
S100274183,Dunlin,Calidris alpina,5923,3346,TW-CYQ,,L4134411,嘉義朴子溪口IBA--東石網寮(Puzi River Estuary IBA--Dongshi Wangliao),23.436818,120.1545954,2022-01-07,14:18,eBird - Traveling Count,48.0,1,2.023,,3,,,NYBC 網寮鹽田北-2
S100274183,Common Sandpiper,Actitis hypoleucos,6025,2,TW-CYQ,,L4134411,嘉義朴子溪口IBA--東石網寮(Puzi River Estuary IBA--Dongshi Wangliao),23.436818,120.1545954,2022-01-07,14:18,eBird - Traveling Count,48.0,1,2.023,,3,,,NYBC 網寮鹽田北-2
S100274183,Common Greenshank,Tringa nebularia,6037,8,TW-CYQ,,L4134411,嘉義朴子溪口IBA--東石網寮(Puzi River Estuary IBA--Dongshi Wangliao),23.436818,120.1545954,2022-01-07,14:18,eBird - Traveling Count,48.0,1,2.023,,3,,,NYBC 網寮鹽田北-2
S100274183,Saunders's Gull,Saundersilarus saundersi,6265,20,TW-CYQ,,L4134411,嘉義朴子溪口IBA--東石網寮(Puzi River Estuary IBA--Dongshi Wangliao),23.436818,120.1545954,2022-01-07,14:18,eBird - Traveling Count,48.0,1,2.023,,3,,,NYBC 網寮鹽田北-2
S100274183,Black-headed Gull,Chroicocephalus ridibundus,6285,234,TW-CYQ,,L4134411,嘉義朴子溪口IBA--東石網寮(Puzi River Estuary IBA--Dongshi Wangliao),23.436818,120.1545954,2022-01-07,14:18,eBird - Traveling Count,48.0,1,2.023,,3,,,NYBC 網寮鹽田北-2
S100274183,Herring Gull,Larus argentatus,6339,1,TW-CYQ,,L4134411,嘉義朴子溪口IBA--東石網寮(Puzi River Estuary IBA--Dongshi Wangliao),23.436818,120.1545954,2022-01-07,14:18,eBird - Traveling Count,48.0,1,2.023,,3,,,NYBC 網寮鹽田北-2
S100274183,Lesser Black-backed Gull,Larus fuscus,6368,1,TW-CYQ,,L4134411,嘉義朴子溪口IBA--東石網寮(Puzi River Estuary IBA--Dongshi Wangliao),23.436818,120.1545954,2022-01-07,14:18,eBird - Traveling Count,48.0,1,2.023,,3,,,NYBC 網寮鹽田北-2
S100274183,Caspian Tern,Hydroprogne caspia,6501,44,TW-CYQ,,L4134411,嘉義朴子溪口IBA--東石網寮(Puzi River Estuary IBA--Dongshi Wangliao),23.436818,120.1545954,2022-01-07,14:18,eBird - Traveling Count,48.0,1,2.023,,3,,,NYBC 網寮鹽田北-2
S100274183,Whiskered Tern,Chlidonias hybrida,6507,19,TW-CYQ,,L4134411,嘉義朴子溪口IBA--東石網寮(Puzi River Estuary IBA--Dongshi Wangliao),23.436818,120.1545954,2022-01-07,14:18,eBird - Traveling Count,48.0,1,2.023,,3,,,NYBC 網寮鹽田北-2
S100274183,Great Cormorant,Phalacrocorax carbo,7042,14,TW-CYQ,,L4134411,嘉義朴子溪口IBA--東石網寮(Puzi River Estuary IBA--Dongshi Wangliao),23.436818,120.1545954,2022-01-07,14:18,eBird - Traveling Count,48.0,1,2.023,,3,,,NYBC 網寮鹽田北-2
S100274183,Yellow Bittern,Ixobrychus sinensis,7133,1,TW-CYQ,,L4134411,嘉義朴子溪口IBA--東石網寮(Puzi River Estuary IBA--Dongshi Wangliao),23.436818,120.1545954,2022-01-07,14:18,eBird - Traveling Count,48.0,1,2.023,,3,,,NYBC 網寮鹽田北-2
S100274183,Gray Heron,Ardea cinerea,7176,23,TW-CYQ,,L4134411,嘉義朴子溪口IBA--東石網寮(Puzi River Estuary IBA--Dongshi Wangliao),23.436818,120.1545954,2022-01-07,14:18,eBird - Traveling Count,48.0,1,2.023,,3,,,NYBC 網寮鹽田北-2
S100274183,Great Egret,Ardea alba,7200,6,TW-CYQ,,L4134411,嘉義朴子溪口IBA--東石網寮(Puzi River Estuary IBA--Dongshi Wangliao),23.436818,120.1545954,2022-01-07,14:18,eBird - Traveling Count,48.0,1,2.023,,3,,,NYBC 網寮鹽田北-2
S100274183,Great/Intermediate Egret,Ardea alba/intermedia,7211,1,TW-CYQ,,L4134411,嘉義朴子溪口IBA--東石網寮(Puzi River Estuary IBA--Dongshi Wangliao),23.436818,120.1545954,2022-01-07,14:18,eBird - Traveling Count,48.0,1,2.023,,3,,,NYBC 網寮鹽田北-2
S100274183,Little Egret,Egretta garzetta,7217,19,TW-CYQ,,L4134411,嘉義朴子溪口IBA--東石網寮(Puzi River Estuary IBA--Dongshi Wangliao),23.436818,120.1545954,2022-01-07,14:18,eBird - Traveling Count,48.0,1,2.023,,3,,,NYBC 網寮鹽田北-2
S100274183,Striated Heron,Butorides striata,7267,1,TW-CYQ,,L4134411,嘉義朴子溪口IBA--東石網寮(Puzi River Estuary IBA--Dongshi Wangliao),23.436818,120.1545954,2022-01-07,14:18,eBird - Traveling Count,48.0,1,2.023,,3,,,NYBC 網寮鹽田北-2
S100274183,Black-crowned Night-Heron,Nycticorax nycticorax,7305,8,TW-CYQ,,L4134411,嘉義朴子溪口IBA--東石網寮(Puzi River Estuary IBA--Dongshi Wangliao),23.436818,120.1545954,2022-01-07,14:18,eBird - Traveling Count,48.0,1,2.023,,3,,,NYBC 網寮鹽田北-2
S100274183,Common Kingfisher,Alcedo atthis,9389,2,TW-CYQ,,L4134411,嘉義朴子溪口IBA--東石網寮(Puzi River Estuary IBA--Dongshi Wangliao),23.436818,120.1545954,2022-01-07,14:18,eBird - Traveling Count,48.0,1,2.023,,3,,,NYBC 網寮鹽田北-2
S100274183,Plain Prinia,Prinia inornata,22454,1,TW-CYQ,,L4134411,嘉義朴子溪口IBA--東石網寮(Puzi River Estuary IBA--Dongshi Wangliao),23.436818,120.1545954,2022-01-07,14:18,eBird - Traveling Count,48.0,1,2.023,,3,,,NYBC 網寮鹽田北-2
S100274183,Pacific Swallow,Hirundo tahitica,23319,2,TW-CYQ,,L4134411,嘉義朴子溪口IBA--東石網寮(Puzi River Estuary IBA--Dongshi Wangliao),23.436818,120.1545954,2022-01-07,14:18,eBird - Traveling Count,48.0,1,2.023,,3,,,NYBC 網寮鹽田北-2
S100274183,Eastern Yellow Wagtail,Motacilla tschutschensis,30655,1,TW-CYQ,,L4134411,嘉義朴子溪口IBA--東石網寮(Puzi River Estuary IBA--Dongshi Wangliao),23.436818,120.1545954,2022-01-07,14:18,eBird - Traveling Count,48.0,1,2.023,,3,,,NYBC 網寮鹽田北-2
S100262308,Little Grebe,Tachybaptus ruficollis,1758,7,TW-CYQ,,L17350367,"彩霞大道, 東石鄉, TW (23.458, 120.146)",23.4578744,120.1456965,2022-01-07,14:15,eBird - Traveling Count,33.0,1,2.1,,3,,,
S100262308,Rock Pigeon (Feral Pigeon),Columba livia (Feral Pigeon),1842,3,TW-CYQ,,L17350367,"彩霞大道, 東石鄉, TW (23.458, 120.146)",23.4578744,120.1456965,2022-01-07,14:15,eBird - Traveling Count,33.0,1,2.1,,3,,,
S100262308,Spotted Dove,Streptopelia chinensis,2034,3,TW-CYQ,,L17350367,"彩霞大道, 東石鄉, TW (23.458, 120.146)",23.4578744,120.1456965,2022-01-07,14:15,eBird - Traveling Count,33.0,1,2.1,,3,,,
S100262308,Eurasian Moorhen,Gallinula chloropus,5321,4,TW-CYQ,,L17350367,"彩霞大道, 東石鄉, TW (23.458, 120.146)",23.4578744,120.1456965,2022-01-07,14:15,eBird - Traveling Count,33.0,1,2.1,,3,,,
S100262308,Black-winged Stilt,Himantopus himantopus,5619,8,TW-CYQ,,L17350367,"彩霞大道, 東石鄉, TW (23.458, 120.146)",23.4578744,120.1456965,2022-01-07,14:15,eBird - Traveling Count,33.0,1,2.1,,3,,,
S100262308,Common Greenshank,Tringa nebularia,6037,1,TW-CYQ,,L17350367,"彩霞大道, 東石鄉, TW (23.458, 120.146)",23.4578744,120.1456965,2022-01-07,14:15,eBird - Traveling Count,33.0,1,2.1,,3,,,
S100262308,Black-headed Gull,Chroicocephalus ridibundus,6285,77,TW-CYQ,,L17350367,"彩霞大道, 東石鄉, TW (23.458, 120.146)",23.4578744,120.1456965,2022-01-07,14:15,eBird - Traveling Count,33.0,1,2.1,,3,,,
S100262308,Herring Gull,Larus argentatus,6339,4,TW-CYQ,,L17350367,"彩霞大道, 東石鄉, TW (23.458, 120.146)",23.4578744,120.1456965,2022-01-07,14:15,eBird - Traveling Count,33.0,1,2.1,,3,,,
S100262308,Whiskered Tern,Chlidonias hybrida,6507,11,TW-CYQ,,L17350367,"彩霞大道, 東石鄉, TW (23.458, 120.146)",23.4578744,120.1456965,2022-01-07,14:15,eBird - Traveling Count,33.0,1,2.1,,3,,,
S100262308,Great Egret,Ardea alba,7200,4,TW-CYQ,,L17350367,"彩霞大道, 東石鄉, TW (23.458, 120.146)",23.4578744,120.1456965,2022-01-07,14:15,eBird - Traveling Count,33.0,1,2.1,,3,,,
S100262308,Intermediate Egret,Ardea intermedia,7207,1,TW-CYQ,,L17350367,"彩霞大道, 東石鄉, TW (23.458, 120.146)",23.4578744,120.1456965,2022-01-07,14:15,eBird - Traveling Count,33.0,1,2.1,,3,,,
S100262308,Little Egret,Egretta garzetta,7217,16,TW-CYQ,,L17350367,"彩霞大道, 東石鄉, TW (23.458, 120.146)",23.4578744,120.1456965,2022-01-07,14:15,eBird - Traveling Count,33.0,1,2.1,,3,,,
S100262308,Black-crowned Night-Heron,Nycticorax nycticorax,7305,1,TW-CYQ,,L17350367,"彩霞大道, 東石鄉, TW (23.458, 120.146)",23.4578744,120.1456965,2022-01-07,14:15,eBird - Traveling Count,33.0,1,2.1,,3,,,
S100262308,Black Drongo,Dicrurus macrocercus,19657,1,TW-CYQ,,L17350367,"彩霞大道, 東石鄉, TW (23.458, 120.146)",23.4578744,120.1456965,2022-01-07,14:15,eBird - Traveling Count,33.0,1,2.1,,3,,,
S100262308,Oriental Magpie,Pica serica,20672,2,TW-CYQ,,L17350367,"彩霞大道, 東石鄉, TW (23.458, 120.146)",23.4578744,120.1456965,2022-01-07,14:15,eBird - Traveling Count,33.0,1,2.1,,3,,,
S100262308,Plain Prinia,Prinia inornata,22454,2,TW-CYQ,,L17350367,"彩霞大道, 東石鄉, TW (23.458, 120.146)",23.4578744,120.1456965,2022-01-07,14:15,eBird - Traveling Count,33.0,1,2.1,,3,,,
S100262308,Gray-throated Martin,Riparia chinensis,23238,3,TW-CYQ,,L17350367,"彩霞大道, 東石鄉, TW (23.458, 120.146)",23.4578744,120.1456965,2022-01-07,14:15,eBird - Traveling Count,33.0,1,2.1,,3,,,
S100262308,Barn Swallow,Hirundo rustica,23291,10,TW-CYQ,,L17350367,"彩霞大道, 東石鄉, TW (23.458, 120.146)",23.4578744,120.1456965,2022-01-07,14:15,eBird - Traveling Count,33.0,1,2.1,,3,,,
S100262308,Pacific Swallow,Hirundo tahitica,23319,5,TW-CYQ,,L17350367,"彩霞大道, 東石鄉, TW (23.458, 120.146)",23.4578744,120.1456965,2022-01-07,14:15,eBird - Traveling Count,33.0,1,2.1,,3,,,
S100262308,Light-vented Bulbul,Pycnonotus sinensis,23672,5,TW-CYQ,,L17350367,"彩霞大道, 東石鄉, TW (23.458, 120.146)",23.4578744,120.1456965,2022-01-07,14:15,eBird - Traveling Count,33.0,1,2.1,,3,,,
S100262308,Javan Myna,Acridotheres javanicus,26952,9,TW-CYQ,,L17350367,"彩霞大道, 東石鄉, TW (23.458, 120.146)",23.4578744,120.1456965,2022-01-07,14:15,eBird - Traveling Count,33.0,1,2.1,,3,,,
S100262308,Eurasian Tree Sparrow,Passer montanus,30560,2,TW-CYQ,,L17350367,"彩霞大道, 東石鄉, TW (23.458, 120.146)",23.4578744,120.1456965,2022-01-07,14:15,eBird - Traveling Count,33.0,1,2.1,,3,,,
S100261940,Red Collared-Dove,Streptopelia tranquebarica,2024,1,TW-CYQ,,L5323314,嘉義--東石漁人碼頭(Chiayi--Dongshi Fisherman's Wharf),23.4485821,120.1359935,2022-01-07,13:47,eBird - Stationary Count,23.04,1,,,3,,,
S100261940,Black-headed Gull,Chroicocephalus ridibundus,6285,2,TW-CYQ,,L5323314,嘉義--東石漁人碼頭(Chiayi--Dongshi Fisherman's Wharf),23.4485821,120.1359935,2022-01-07,13:47,eBird - Stationary Count,23.04,1,,,3,,,
S100261940,Herring Gull (Vega),Larus argentatus vegae,6341,12,TW-CYQ,,L5323314,嘉義--東石漁人碼頭(Chiayi--Dongshi Fisherman's Wharf),23.4485821,120.1359935,2022-01-07,13:47,eBird - Stationary Count,23.04,1,,,3,,在水面上休息,
S100261940,Herring Gull (Mongolian),Larus argentatus mongolicus,6342,1,TW-CYQ,,L5323314,嘉義--東石漁人碼頭(Chiayi--Dongshi Fisherman's Wharf),23.4485821,120.1359935,2022-01-07,13:47,eBird - Stationary Count,23.04,1,,,3,,,
S100261940,Great Cormorant,Phalacrocorax carbo,7042,1,TW-CYQ,,L5323314,嘉義--東石漁人碼頭(Chiayi--Dongshi Fisherman's Wharf),23.4485821,120.1359935,2022-01-07,13:47,eBird - Stationary Count,23.04,1,,,3,,,
S100261940,Little Egret,Egretta garzetta,7217,2,TW-CYQ,,L5323314,嘉義--東石漁人碼頭(Chiayi--Dongshi Fisherman's Wharf),23.4485821,120.1359935,2022-01-07,13:47,eBird - Stationary Count,23.04,1,,,3,,,
S100274170,Northern Shoveler,Spatula clypeata,443,36,TW-CYQ,,L4134411,嘉義朴子溪口IBA--東石網寮(Puzi River Estuary IBA--Dongshi Wangliao),23.436818,120.1545954,2022-01-07,13:43,eBird - Traveling Count,33.0,1,2.016,,3,,,NYBC 東石網寮鹽田北-1
S100274170,Little Grebe,Tachybaptus ruficollis,1758,10,TW-CYQ,,L4134411,嘉義朴子溪口IBA--東石網寮(Puzi River Estuary IBA--Dongshi Wangliao),23.436818,120.1545954,2022-01-07,13:43,eBird - Traveling Count,33.0,1,2.016,,3,,,NYBC 東石網寮鹽田北-1
S100274170,Red Collared-Dove,Streptopelia tranquebarica,2024,1,TW-CYQ,,L4134411,嘉義朴子溪口IBA--東石網寮(Puzi River Estuary IBA--Dongshi Wangliao),23.436818,120.1545954,2022-01-07,13:43,eBird - Traveling Count,33.0,1,2.016,,3,,,NYBC 東石網寮鹽田北-1
S100274170,Spotted Dove,Streptopelia chinensis,2034,1,TW-CYQ,,L4134411,嘉義朴子溪口IBA--東石網寮(Puzi River Estuary IBA--Dongshi Wangliao),23.436818,120.1545954,2022-01-07,13:43,eBird - Traveling Count,33.0,1,2.016,,3,,,NYBC 東石網寮鹽田北-1
S100274170,Eurasian Moorhen,Gallinula chloropus,5321,3,TW-CYQ,,L4134411,嘉義朴子溪口IBA--東石網寮(Puzi River Estuary IBA--Dongshi Wangliao),23.436818,120.1545954,2022-01-07,13:43,eBird - Traveling Count,33.0,1,2.016,,3,,,NYBC 東石網寮鹽田北-1
S100274170,Black-winged Stilt,Himantopus himantopus,5619,37,TW-CYQ,,L4134411,嘉義朴子溪口IBA--東石網寮(Puzi River Estuary IBA--Dongshi Wangliao),23.436818,120.1545954,2022-01-07,13:43,eBird - Traveling Count,33.0,1,2.016,,3,,,NYBC 東石網寮鹽田北-1
S100274170,Pied Avocet,Recurvirostra avosetta,5633,44,TW-CYQ,,L4134411,嘉義朴子溪口IBA--東石網寮(Puzi River Estuary IBA--Dongshi Wangliao),23.436818,120.1545954,2022-01-07,13:43,eBird - Traveling Count,33.0,1,2.016,,3,,,NYBC 東石網寮鹽田北-1
S100274170,Little Ringed Plover,Charadrius dubius,5775,4,TW-CYQ,,L4134411,嘉義朴子溪口IBA--東石網寮(Puzi River Estuary IBA--Dongshi Wangliao),23.436818,120.1545954,2022-01-07,13:43,eBird - Traveling Count,33.0,1,2.016,,3,,,NYBC 東石網寮鹽田北-1
S100274170,Common Greenshank,Tringa nebularia,6037,2,TW-CYQ,,L4134411,嘉義朴子溪口IBA--東石網寮(Puzi River Estuary IBA--Dongshi Wangliao),23.436818,120.1545954,2022-01-07,13:43,eBird - Traveling Count,33.0,1,2.016,,3,,,NYBC 東石網寮鹽田北-1
S100274170,Marsh Sandpiper,Tringa stagnatilis,6045,3,TW-CYQ,,L4134411,嘉義朴子溪口IBA--東石網寮(Puzi River Estuary IBA--Dongshi Wangliao),23.436818,120.1545954,2022-01-07,13:43,eBird - Traveling Count,33.0,1,2.016,,3,,,NYBC 東石網寮鹽田北-1
S100274170,Common Redshank,Tringa totanus,6047,8,TW-CYQ,,L4134411,嘉義朴子溪口IBA--東石網寮(Puzi River Estuary IBA--Dongshi Wangliao),23.436818,120.1545954,2022-01-07,13:43,eBird - Traveling Count,33.0,1,2.016,,3,,,NYBC 東石網寮鹽田北-1
S100274170,Black-headed Gull,Chroicocephalus ridibundus,6285,13,TW-CYQ,,L4134411,嘉義朴子溪口IBA--東石網寮(Puzi River Estuary IBA--Dongshi Wangliao),23.436818,120.1545954,2022-01-07,13:43,eBird - Traveling Count,33.0,1,2.016,,3,,,NYBC 東石網寮鹽田北-1
S100274170,Whiskered Tern,Chlidonias hybrida,6507,20,TW-CYQ,,L4134411,嘉義朴子溪口IBA--東石網寮(Puzi River Estuary IBA--Dongshi Wangliao),23.436818,120.1545954,2022-01-07,13:43,eBird - Traveling Count,33.0,1,2.016,,3,,,NYBC 東石網寮鹽田北-1
S100274170,Great Cormorant,Phalacrocorax carbo,7042,35,TW-CYQ,,L4134411,嘉義朴子溪口IBA--東石網寮(Puzi River Estuary IBA--Dongshi Wangliao),23.436818,120.1545954,2022-01-07,13:43,eBird - Traveling Count,33.0,1,2.016,,3,,,NYBC 東石網寮鹽田北-1
S100274170,Cinnamon Bittern,Ixobrychus cinnamomeus,7141,1,TW-CYQ,,L4134411,嘉義朴子溪口IBA--東石網寮(Puzi River Estuary IBA--Dongshi Wangliao),23.436818,120.1545954,2022-01-07,13:43,eBird - Traveling Count,33.0,1,2.016,,3,,,NYBC 東石網寮鹽田北-1
S100274170,Gray Heron,Ardea cinerea,7176,1,TW-CYQ,,L4134411,嘉義朴子溪口IBA--東石網寮(Puzi River Estuary IBA--Dongshi Wangliao),23.436818,120.1545954,2022-01-07,13:43,eBird - Traveling Count,33.0,1,2.016,,3,,,NYBC 東石網寮鹽田北-1
S100274170,Great Egret,Ardea alba,7200,14,TW-CYQ,,L4134411,嘉義朴子溪口IBA--東石網寮(Puzi River Estuary IBA--Dongshi Wangliao),23.436818,120.1545954,2022-01-07,13:43,eBird - Traveling Count,33.0,1,2.016,,3,,,NYBC 東石網寮鹽田北-1
S100274170,Intermediate Egret,Ardea intermedia,7207,1,TW-CYQ,,L4134411,嘉義朴子溪口IBA--東石網寮(Puzi River Estuary IBA--Dongshi Wangliao),23.436818,120.1545954,2022-01-07,13:43,eBird - Traveling Count,33.0,1,2.016,,3,,,NYBC 東石網寮鹽田北-1
S100274170,Little Egret,Egretta garzetta,7217,17,TW-CYQ,,L4134411,嘉義朴子溪口IBA--東石網寮(Puzi River Estuary IBA--Dongshi Wangliao),23.436818,120.1545954,2022-01-07,13:43,eBird - Traveling Count,33.0,1,2.016,,3,,,NYBC 東石網寮鹽田北-1
S100274170,Black-crowned Night-Heron,Nycticorax nycticorax,7305,2,TW-CYQ,,L4134411,嘉義朴子溪口IBA--東石網寮(Puzi River Estuary IBA--Dongshi Wangliao),23.436818,120.1545954,2022-01-07,13:43,eBird - Traveling Count,33.0,1,2.016,,3,,,NYBC 東石網寮鹽田北-1
S100274170,Gray-throated Martin,Riparia chinensis,23238,50,TW-CYQ,,L4134411,嘉義朴子溪口IBA--東石網寮(Puzi River Estuary IBA--Dongshi Wangliao),23.436818,120.1545954,2022-01-07,13:43,eBird - Traveling Count,33.0,1,2.016,,3,,,NYBC 東石網寮鹽田北-1
S100274170,Barn Swallow,Hirundo rustica,23291,15,TW-CYQ,,L4134411,嘉義朴子溪口IBA--東石網寮(Puzi River Estuary IBA--Dongshi Wangliao),23.436818,120.1545954,2022-01-07,13:43,eBird - Traveling Count,33.0,1,2.016,,3,,,NYBC 東石網寮鹽田北-1
S100274170,Pacific Swallow,Hirundo tahitica,23319,7,TW-CYQ,,L4134411,嘉義朴子溪口IBA--東石網寮(Puzi River Estuary IBA--Dongshi Wangliao),23.436818,120.1545954,2022-01-07,13:43,eBird - Traveling Count,33.0,1,2.016,,3,,,NYBC 東石網寮鹽田北-1
S100274170,Striated Swallow,Cecropis striolata,23351,7,TW-CYQ,,L4134411,嘉義朴子溪口IBA--東石網寮(Puzi River Estuary IBA--Dongshi Wangliao),23.436818,120.1545954,2022-01-07,13:43,eBird - Traveling Count,33.0,1,2.016,,3,,,NYBC 東石網寮鹽田北-1
S100274170,Light-vented Bulbul,Pycnonotus sinensis,23672,9,TW-CYQ,,L4134411,嘉義朴子溪口IBA--東石網寮(Puzi River Estuary IBA--Dongshi Wangliao),23.436818,120.1545954,2022-01-07,13:43,eBird - Traveling Count,33.0,1,2.016,,3,,,NYBC 東石網寮鹽田北-1
S100274170,Common Myna,Acridotheres tristis,26935,5,TW-CYQ,,L4134411,嘉義朴子溪口IBA--東石網寮(Puzi River Estuary IBA--Dongshi Wangliao),23.436818,120.1545954,2022-01-07,13:43,eBird - Traveling Count,33.0,1,2.016,,3,,,NYBC 東石網寮鹽田北-1
S100274170,Javan Myna,Acridotheres javanicus,26952,1,TW-CYQ,,L4134411,嘉義朴子溪口IBA--東石網寮(Puzi River Estuary IBA--Dongshi Wangliao),23.436818,120.1545954,2022-01-07,13:43,eBird - Traveling Count,33.0,1,2.016,,3,,,NYBC 東石網寮鹽田北-1
S100274170,black myna sp.,Acridotheres sp. (black myna sp.),26964,1,TW-CYQ,,L4134411,嘉義朴子溪口IBA--東石網寮(Puzi River Estuary IBA--Dongshi Wangliao),23.436818,120.1545954,2022-01-07,13:43,eBird - Traveling Count,33.0,1,2.016,,3,,,NYBC 東石網寮鹽田北-1
S100274170,Eurasian Tree Sparrow,Passer montanus,30560,4,TW-CYQ,,L4134411,嘉義朴子溪口IBA--東石網寮(Puzi River Estuary IBA--Dongshi Wangliao),23.436818,120.1545954,2022-01-07,13:43,eBird - Traveling Count,33.0,1,2.016,,3,,,NYBC 東石網寮鹽田北-1
S100264060,Northern Shoveler,Spatula clypeata,443,175,TW-CYQ,,L17350662,"西濱公路, 東石鄉, TW (23.432, 120.166)",23.4316992,120.1658288,2022-01-07,09:47,eBird - Traveling Count,9.0,1,0.2,,4,,,
S100264060,Eurasian Wigeon,Mareca penelope,454,125,TW-CYQ,,L17350662,"西濱公路, 東石鄉, TW (23.432, 120.166)",23.4316992,120.1658288,2022-01-07,09:47,eBird - Traveling Count,9.0,1,0.2,,4,,,
S100264060,Northern Pintail,Anas acuta,526,16,TW-CYQ,,L17350662,"西濱公路, 東石鄉, TW (23.432, 120.166)",23.4316992,120.1658288,2022-01-07,09:47,eBird - Traveling Count,9.0,1,0.2,,4,,,
S100264060,Little Grebe (Little),Tachybaptus ruficollis [ruficollis Group],1759,15,TW-CYQ,,L17350662,"西濱公路, 東石鄉, TW (23.432, 120.166)",23.4316992,120.1658288,2022-01-07,09:47,eBird - Traveling Count,9.0,1,0.2,,4,,,
S100264060,Eurasian Coot,Fulica atra,5346,4,TW-CYQ,,L17350662,"西濱公路, 東石鄉, TW (23.432, 120.166)",23.4316992,120.1658288,2022-01-07,09:47,eBird - Traveling Count,9.0,1,0.2,,4,,,
S100264060,Black-winged Stilt,Himantopus himantopus,5619,2,TW-CYQ,,L17350662,"西濱公路, 東石鄉, TW (23.432, 120.166)",23.4316992,120.1658288,2022-01-07,09:47,eBird - Traveling Count,9.0,1,0.2,,4,,,
S100264060,Kentish Plover (Kentish),Charadrius alexandrinus alexandrinus/nihonensis,5751,20,TW-CYQ,,L17350662,"西濱公路, 東石鄉, TW (23.432, 120.166)",23.4316992,120.1658288,2022-01-07,09:47,eBird - Traveling Count,9.0,1,0.2,,4,,,
S100264060,Black-headed Gull,Chroicocephalus ridibundus,6285,1,TW-CYQ,,L17350662,"西濱公路, 東石鄉, TW (23.432, 120.166)",23.4316992,120.1658288,2022-01-07,09:47,eBird - Traveling Count,9.0,1,0.2,,4,,,
S100264060,Whiskered Tern,Chlidonias hybrida,6507,1,TW-CYQ,,L17350662,"西濱公路, 東石鄉, TW (23.432, 120.166)",23.4316992,120.1658288,2022-01-07,09:47,eBird - Traveling Count,9.0,1,0.2,,4,,,
S100264060,Great Cormorant (Eurasian),Phalacrocorax carbo sinensis/hanedae,7046,13,TW-CYQ,,L17350662,"西濱公路, 東石鄉, TW (23.432, 120.166)",23.4316992,120.1658288,2022-01-07,09:47,eBird - Traveling Count,9.0,1,0.2,,4,,,
S100264060,Yellow Bittern,Ixobrychus sinensis,7133,1,TW-CYQ,,L17350662,"西濱公路, 東石鄉, TW (23.432, 120.166)",23.4316992,120.1658288,2022-01-07,09:47,eBird - Traveling Count,9.0,1,0.2,,4,,,
S100264060,Gray Heron (Gray),Ardea cinerea cinerea/jouyi,7177,1,TW-CYQ,,L17350662,"西濱公路, 東石鄉, TW (23.432, 120.166)",23.4316992,120.1658288,2022-01-07,09:47,eBird - Traveling Count,9.0,1,0.2,,4,,,
S100264060,Great Egret (Australasian),Ardea alba modesta,7204,3,TW-CYQ,,L17350662,"西濱公路, 東石鄉, TW (23.432, 120.166)",23.4316992,120.1658288,2022-01-07,09:47,eBird - Traveling Count,9.0,1,0.2,,4,,,
S100264060,Intermediate Egret (Intermediate),Ardea intermedia intermedia,7208,1,TW-CYQ,,L17350662,"西濱公路, 東石鄉, TW (23.432, 120.166)",23.4316992,120.1658288,2022-01-07,09:47,eBird - Traveling Count,9.0,1,0.2,,4,,,
S100264060,Little Egret (Western),Egretta garzetta garzetta,7218,3,TW-CYQ,,L17350662,"西濱公路, 東石鄉, TW (23.432, 120.166)",23.4316992,120.1658288,2022-01-07,09:47,eBird - Traveling Count,9.0,1,0.2,,4,,,
S100264060,Oriental Magpie,Pica serica,20672,1,TW-CYQ,,L17350662,"西濱公路, 東石鄉, TW (23.432, 120.166)",23.4316992,120.1658288,2022-01-07,09:47,eBird - Traveling Count,9.0,1,0.2,,4,,,
S100264060,Plain Prinia,Prinia inornata,22454,2,TW-CYQ,,L17350662,"西濱公路, 東石鄉, TW (23.432, 120.166)",23.4316992,120.1658288,2022-01-07,09:47,eBird - Traveling Count,9.0,1,0.2,,4,,,
S100264060,Gray-throated Martin,Riparia chinensis,23238,12,TW-CYQ,,L17350662,"西濱公路, 東石鄉, TW (23.432, 120.166)",23.4316992,120.1658288,2022-01-07,09:47,eBird - Traveling Count,9.0,1,0.2,,4,,,
S100264067,Northern Shoveler,Spatula clypeata,443,116,TW-CYQ,,L1070432,嘉義朴子溪口IBA--白水湖(Puzi River Estuary IBA--Baishuihu),23.4228891,120.1641884,2022-01-07,09:25,eBird - Traveling Count,21.0,1,0.69,,4,,,DCDD RF
S100264067,Eurasian Wigeon,Mareca penelope,454,224,TW-CYQ,,L1070432,嘉義朴子溪口IBA--白水湖(Puzi River Estuary IBA--Baishuihu),23.4228891,120.1641884,2022-01-07,09:25,eBird - Traveling Count,21.0,1,0.69,,4,,,DCDD RF
S100264067,Northern Pintail,Anas acuta,526,31,TW-CYQ,,L1070432,嘉義朴子溪口IBA--白水湖(Puzi River Estuary IBA--Baishuihu),23.4228891,120.1641884,2022-01-07,09:25,eBird - Traveling Count,21.0,1,0.69,,4,,,DCDD RF
S100264067,Green-winged Teal (Eurasian),Anas crecca crecca,542,3,TW-CYQ,,L1070432,嘉義朴子溪口IBA--白水湖(Puzi River Estuary IBA--Baishuihu),23.4228891,120.1641884,2022-01-07,09:25,eBird - Traveling Count,21.0,1,0.69,,4,,,DCDD RF
S100264067,Little Grebe (Little),Tachybaptus ruficollis [ruficollis Group],1759,7,TW-CYQ,,L1070432,嘉義朴子溪口IBA--白水湖(Puzi River Estuary IBA--Baishuihu),23.4228891,120.1641884,2022-01-07,09:25,eBird - Traveling Count,21.0,1,0.69,,4,,,DCDD RF
S100264067,Rock Pigeon (Feral Pigeon),Columba livia (Feral Pigeon),1842,1,TW-CYQ,,L1070432,嘉義朴子溪口IBA--白水湖(Puzi River Estuary IBA--Baishuihu),23.4228891,120.1641884,2022-01-07,09:25,eBird - Traveling Count,21.0,1,0.69,,4,,,DCDD RF
S100264067,Black-winged Stilt,Himantopus himantopus,5619,11,TW-CYQ,,L1070432,嘉義朴子溪口IBA--白水湖(Puzi River Estuary IBA--Baishuihu),23.4228891,120.1641884,2022-01-07,09:25,eBird - Traveling Count,21.0,1,0.69,,4,,,DCDD RF
S100264067,Pied Avocet,Recurvirostra avosetta,5633,60,TW-CYQ,,L1070432,嘉義朴子溪口IBA--白水湖(Puzi River Estuary IBA--Baishuihu),23.4228891,120.1641884,2022-01-07,09:25,eBird - Traveling Count,21.0,1,0.69,,4,,,DCDD RF
S100264067,Kentish Plover (Kentish),Charadrius alexandrinus alexandrinus/nihonensis,5751,2,TW-CYQ,,L1070432,嘉義朴子溪口IBA--白水湖(Puzi River Estuary IBA--Baishuihu),23.4228891,120.1641884,2022-01-07,09:25,eBird - Traveling Count,21.0,1,0.69,,4,,,DCDD RF
S100264067,Common Sandpiper,Actitis hypoleucos,6025,1,TW-CYQ,,L1070432,嘉義朴子溪口IBA--白水湖(Puzi River Estuary IBA--Baishuihu),23.4228891,120.1641884,2022-01-07,09:25,eBird - Traveling Count,21.0,1,0.69,,4,,,DCDD RF
S100264067,Common Greenshank,Tringa nebularia,6037,1,TW-CYQ,,L1070432,嘉義朴子溪口IBA--白水湖(Puzi River Estuary IBA--Baishuihu),23.4228891,120.1641884,2022-01-07,09:25,eBird - Traveling Count,21.0,1,0.69,,4,,,DCDD RF
S100264067,Common Redshank,Tringa totanus,6047,1,TW-CYQ,,L1070432,嘉義朴子溪口IBA--白水湖(Puzi River Estuary IBA--Baishuihu),23.4228891,120.1641884,2022-01-07,09:25,eBird - Traveling Count,21.0,1,0.69,,4,,,DCDD RF
S100264067,Black-headed Gull,Chroicocephalus ridibundus,6285,9,TW-CYQ,,L1070432,嘉義朴子溪口IBA--白水湖(Puzi River Estuary IBA--Baishuihu),23.4228891,120.1641884,2022-01-07,09:25,eBird - Traveling Count,21.0,1,0.69,,4,,,DCDD RF
S100264067,Caspian Tern,Hydroprogne caspia,6501,2,TW-CYQ,,L1070432,嘉義朴子溪口IBA--白水湖(Puzi River Estuary IBA--Baishuihu),23.4228891,120.1641884,2022-01-07,09:25,eBird - Traveling Count,21.0,1,0.69,,4,,,DCDD RF
S100264067,Whiskered Tern,Chlidonias hybrida,6507,2,TW-CYQ,,L1070432,嘉義朴子溪口IBA--白水湖(Puzi River Estuary IBA--Baishuihu),23.4228891,120.1641884,2022-01-07,09:25,eBird - Traveling Count,21.0,1,0.69,,4,,,DCDD RF
S100264067,Great Cormorant (Eurasian),Phalacrocorax carbo sinensis/hanedae,7046,2,TW-CYQ,,L1070432,嘉義朴子溪口IBA--白水湖(Puzi River Estuary IBA--Baishuihu),23.4228891,120.1641884,2022-01-07,09:25,eBird - Traveling Count,21.0,1,0.69,,4,,,DCDD RF
S100264067,Gray Heron (Gray),Ardea cinerea cinerea/jouyi,7177,1,TW-CYQ,,L1070432,嘉義朴子溪口IBA--白水湖(Puzi River Estuary IBA--Baishuihu),23.4228891,120.1641884,2022-01-07,09:25,eBird - Traveling Count,21.0,1,0.69,,4,,,DCDD RF
S100264067,Great Egret (Australasian),Ardea alba modesta,7204,8,TW-CYQ,,L1070432,嘉義朴子溪口IBA--白水湖(Puzi River Estuary IBA--Baishuihu),23.4228891,120.1641884,2022-01-07,09:25,eBird - Traveling Count,21.0,1,0.69,,4,,,DCDD RF
S100264067,Intermediate Egret (Intermediate),Ardea intermedia intermedia,7208,2,TW-CYQ,,L1070432,嘉義朴子溪口IBA--白水湖(Puzi River Estuary IBA--Baishuihu),23.4228891,120.1641884,2022-01-07,09:25,eBird - Traveling Count,21.0,1,0.69,,4,,,DCDD RF
S100264067,Little Egret (Western),Egretta garzetta garzetta,7218,5,TW-CYQ,,L1070432,嘉義朴子溪口IBA--白水湖(Puzi River Estuary IBA--Baishuihu),23.4228891,120.1641884,2022-01-07,09:25,eBird - Traveling Count,21.0,1,0.69,,4,,,DCDD RF
S100264067,Yellow-bellied Prinia (Chinese),Prinia flaviventris sonitans,22436,1,TW-CYQ,,L1070432,嘉義朴子溪口IBA--白水湖(Puzi River Estuary IBA--Baishuihu),23.4228891,120.1641884,2022-01-07,09:25,eBird - Traveling Count,21.0,1,0.69,,4,,,DCDD RF
S100264067,Plain Prinia,Prinia inornata,22454,3,TW-CYQ,,L1070432,嘉義朴子溪口IBA--白水湖(Puzi River Estuary IBA--Baishuihu),23.4228891,120.1641884,2022-01-07,09:25,eBird - Traveling Count,21.0,1,0.69,,4,,,DCDD RF
S100264067,Gray-throated Martin,Riparia chinensis,23238,8,TW-CYQ,,L1070432,嘉義朴子溪口IBA--白水湖(Puzi River Estuary IBA--Baishuihu),23.4228891,120.1641884,2022-01-07,09:25,eBird - Traveling Count,21.0,1,0.69,,4,,,DCDD RF
S100264067,Barn Swallow (Buff-bellied),Hirundo rustica gutturalis/mandschurica,23296,5,TW-CYQ,,L1070432,嘉義朴子溪口IBA--白水湖(Puzi River Estuary IBA--Baishuihu),23.4228891,120.1641884,2022-01-07,09:25,eBird - Traveling Count,21.0,1,0.69,,4,,,DCDD RF
S100264067,Swinhoe's White-eye,Zosterops simplex,24735,3,TW-CYQ,,L1070432,嘉義朴子溪口IBA--白水湖(Puzi River Estuary IBA--Baishuihu),23.4228891,120.1641884,2022-01-07,09:25,eBird - Traveling Count,21.0,1,0.69,,4,,,DCDD RF
S100264067,Common Myna,Acridotheres tristis,26935,2,TW-CYQ,,L1070432,嘉義朴子溪口IBA--白水湖(Puzi River Estuary IBA--Baishuihu),23.4228891,120.1641884,2022-01-07,09:25,eBird - Traveling Count,21.0,1,0.69,,4,,,DCDD RF
S100264067,Eurasian Tree Sparrow,Passer montanus,30560,4,TW-CYQ,,L1070432,嘉義朴子溪口IBA--白水湖(Puzi River Estuary IBA--Baishuihu),23.4228891,120.1641884,2022-01-07,09:25,eBird - Traveling Count,21.0,1,0.69,,4,,,DCDD RF
S100264071,Little Grebe (Little),Tachybaptus ruficollis [ruficollis Group],1759,1,TW-CYQ,,L17350666,"東石鄉, TW (23.428, 120.194)",23.427908,120.1944315,2022-01-07,09:06,eBird - Traveling Count,10.020000000000001,1,1.54,,4,,,
S100264071,Red Collared-Dove,Streptopelia tranquebarica,2024,68,TW-CYQ,,L17350666,"東石鄉, TW (23.428, 120.194)",23.427908,120.1944315,2022-01-07,09:06,eBird - Traveling Count,10.020000000000001,1,1.54,,4,,,
S100264071,Spotted Dove (Eastern),Streptopelia chinensis chinensis/tigrina,2036,4,TW-CYQ,,L17350666,"東石鄉, TW (23.428, 120.194)",23.427908,120.1944315,2022-01-07,09:06,eBird - Traveling Count,10.020000000000001,1,1.54,,4,,,
S100264071,Eurasian Moorhen,Gallinula chloropus,5321,4,TW-CYQ,,L17350666,"東石鄉, TW (23.428, 120.194)",23.427908,120.1944315,2022-01-07,09:06,eBird - Traveling Count,10.020000000000001,1,1.54,,4,,,
S100264071,Black Drongo,Dicrurus macrocercus,19657,3,TW-CYQ,,L17350666,"東石鄉, TW (23.428, 120.194)",23.427908,120.1944315,2022-01-07,09:06,eBird - Traveling Count,10.020000000000001,1,1.54,,4,,,
S100264071,Oriental Magpie,Pica serica,20672,3,TW-CYQ,,L17350666,"東石鄉, TW (23.428, 120.194)",23.427908,120.1944315,2022-01-07,09:06,eBird - Traveling Count,10.020000000000001,1,1.54,,4,,,
S100264071,Yellow-bellied Prinia (Chinese),Prinia flaviventris sonitans,22436,3,TW-CYQ,,L17350666,"東石鄉, TW (23.428, 120.194)",23.427908,120.1944315,2022-01-07,09:06,eBird - Traveling Count,10.020000000000001,1,1.54,,4,,,
S100264071,Plain Prinia,Prinia inornata,22454,5,TW-CYQ,,L17350666,"東石鄉, TW (23.428, 120.194)",23.427908,120.1944315,2022-01-07,09:06,eBird - Traveling Count,10.020000000000001,1,1.54,,4,,,
S100264071,Gray-throated Martin,Riparia chinensis,23238,3,TW-CYQ,,L17350666,"東石鄉, TW (23.428, 120.194)",23.427908,120.1944315,2022-01-07,09:06,eBird - Traveling Count,10.020000000000001,1,1.54,,4,,,
S100264071,Barn Swallow,Hirundo rustica,23291,27,TW-CYQ,,L17350666,"東石鄉, TW (23.428, 120.194)",23.427908,120.1944315,2022-01-07,09:06,eBird - Traveling Count,10.020000000000001,1,1.54,,4,,,
S100264071,Striated Swallow,Cecropis striolata,23351,4,TW-CYQ,,L17350666,"東石鄉, TW (23.428, 120.194)",23.427908,120.1944315,2022-01-07,09:06,eBird - Traveling Count,10.020000000000001,1,1.54,,4,,,
S100264071,Light-vented Bulbul (formosae/orii),Pycnonotus sinensis formosae/orii,23675,12,TW-CYQ,,L17350666,"東石鄉, TW (23.428, 120.194)",23.427908,120.1944315,2022-01-07,09:06,eBird - Traveling Count,10.020000000000001,1,1.54,,4,,,
S100264071,Swinhoe's White-eye,Zosterops simplex,24735,4,TW-CYQ,,L17350666,"東石鄉, TW (23.428, 120.194)",23.427908,120.1944315,2022-01-07,09:06,eBird - Traveling Count,10.020000000000001,1,1.54,,4,,,
S100264071,Black-collared Starling,Gracupica nigricollis,26910,2,TW-CYQ,,L17350666,"東石鄉, TW (23.428, 120.194)",23.427908,120.1944315,2022-01-07,09:06,eBird - Traveling Count,10.020000000000001,1,1.54,,4,,,
S100264071,Common Myna,Acridotheres tristis,26935,2,TW-CYQ,,L17350666,"東石鄉, TW (23.428, 120.194)",23.427908,120.1944315,2022-01-07,09:06,eBird - Traveling Count,10.020000000000001,1,1.54,,4,,,
S100264071,Javan Myna,Acridotheres javanicus,26952,4,TW-CYQ,,L17350666,"東石鄉, TW (23.428, 120.194)",23.427908,120.1944315,2022-01-07,09:06,eBird - Traveling Count,10.020000000000001,1,1.54,,4,,,
S100264071,Daurian Redstart,Phoenicurus auroreus,28635,1,TW-CYQ,,L17350666,"東石鄉, TW (23.428, 120.194)",23.427908,120.1944315,2022-01-07,09:06,eBird - Traveling Count,10.020000000000001,1,1.54,,4,,,
S100264071,Eurasian Tree Sparrow,Passer montanus,30560,20,TW-CYQ,,L17350666,"東石鄉, TW (23.428, 120.194)",23.427908,120.1944315,2022-01-07,09:06,eBird - Traveling Count,10.020000000000001,1,1.54,,4,,,
S100264071,Eastern Yellow Wagtail,Motacilla tschutschensis,30655,4,TW-CYQ,,L17350666,"東石鄉, TW (23.428, 120.194)",23.427908,120.1944315,2022-01-07,09:06,eBird - Traveling Count,10.020000000000001,1,1.54,,4,,,
S100264071,Eastern Yellow Wagtail (Green-headed),Motacilla tschutschensis taivana,30659,1,TW-CYQ,,L17350666,"東石鄉, TW (23.428, 120.194)",23.427908,120.1944315,2022-01-07,09:06,eBird - Traveling Count,10.020000000000001,1,1.54,,4,,,
S100254162,Northern Shoveler,Spatula clypeata,443,6,TW-CYQ,,L3488888,嘉義朴子溪口IBA--東石大橋東岸(Puzi River Estuary IBA--Dongshi Bridge East Bank),23.4527019,120.1799548,2022-01-07,08:00,eBird - Traveling Count,53.04,1,1.29,,4,,,"朴子溪口NYBC
東石大橋到御龍宮"
S100254162,Eurasian Wigeon,Mareca penelope,454,26,TW-CYQ,,L3488888,嘉義朴子溪口IBA--東石大橋東岸(Puzi River Estuary IBA--Dongshi Bridge East Bank),23.4527019,120.1799548,2022-01-07,08:00,eBird - Traveling Count,53.04,1,1.29,,4,,,"朴子溪口NYBC
東石大橋到御龍宮"
S100254162,Green-winged Teal (Eurasian),Anas crecca crecca,542,5,TW-CYQ,,L3488888,嘉義朴子溪口IBA--東石大橋東岸(Puzi River Estuary IBA--Dongshi Bridge East Bank),23.4527019,120.1799548,2022-01-07,08:00,eBird - Traveling Count,53.04,1,1.29,,4,,,"朴子溪口NYBC
東石大橋到御龍宮"
S100254162,Little Grebe (Little),Tachybaptus ruficollis [ruficollis Group],1759,6,TW-CYQ,,L3488888,嘉義朴子溪口IBA--東石大橋東岸(Puzi River Estuary IBA--Dongshi Bridge East Bank),23.4527019,120.1799548,2022-01-07,08:00,eBird - Traveling Count,53.04,1,1.29,,4,,,"朴子溪口NYBC
東石大橋到御龍宮"
S100254162,Red Collared-Dove,Streptopelia tranquebarica,2024,9,TW-CYQ,,L3488888,嘉義朴子溪口IBA--東石大橋東岸(Puzi River Estuary IBA--Dongshi Bridge East Bank),23.4527019,120.1799548,2022-01-07,08:00,eBird - Traveling Count,53.04,1,1.29,,4,,,"朴子溪口NYBC
東石大橋到御龍宮"
S100254162,Spotted Dove (Eastern),Streptopelia chinensis chinensis/tigrina,2036,13,TW-CYQ,,L3488888,嘉義朴子溪口IBA--東石大橋東岸(Puzi River Estuary IBA--Dongshi Bridge East Bank),23.4527019,120.1799548,2022-01-07,08:00,eBird - Traveling Count,53.04,1,1.29,,4,,,"朴子溪口NYBC
東石大橋到御龍宮"
S100254162,House Swift,Apus nipalensis,4051,40,TW-CYQ,,L3488888,嘉義朴子溪口IBA--東石大橋東岸(Puzi River Estuary IBA--Dongshi Bridge East Bank),23.4527019,120.1799548,2022-01-07,08:00,eBird - Traveling Count,53.04,1,1.29,,4,,,"朴子溪口NYBC
東石大橋到御龍宮"
S100254162,Eurasian Moorhen,Gallinula chloropus,5321,5,TW-CYQ,,L3488888,嘉義朴子溪口IBA--東石大橋東岸(Puzi River Estuary IBA--Dongshi Bridge East Bank),23.4527019,120.1799548,2022-01-07,08:00,eBird - Traveling Count,53.04,1,1.29,,4,,,"朴子溪口NYBC
東石大橋到御龍宮"
S100254162,Black-winged Stilt,Himantopus himantopus,5619,8,TW-CYQ,,L3488888,嘉義朴子溪口IBA--東石大橋東岸(Puzi River Estuary IBA--Dongshi Bridge East Bank),23.4527019,120.1799548,2022-01-07,08:00,eBird - Traveling Count,53.04,1,1.29,,4,,,"朴子溪口NYBC
東石大橋到御龍宮"
S100254162,Pied Avocet,Recurvirostra avosetta,5633,11,TW-CYQ,,L3488888,嘉義朴子溪口IBA--東石大橋東岸(Puzi River Estuary IBA--Dongshi Bridge East Bank),23.4527019,120.1799548,2022-01-07,08:00,eBird - Traveling Count,53.04,1,1.29,,4,,,"朴子溪口NYBC
東石大橋到御龍宮"
S100254162,Pacific Golden-Plover,Pluvialis fulva,5669,60,TW-CYQ,,L3488888,嘉義朴子溪口IBA--東石大橋東岸(Puzi River Estuary IBA--Dongshi Bridge East Bank),23.4527019,120.1799548,2022-01-07,08:00,eBird - Traveling Count,53.04,1,1.29,,4,,,"朴子溪口NYBC
東石大橋到御龍宮"
S100254162,Lesser Sand-Plover (Siberian),Charadrius mongolus mongolus/stegmanni,5732,5,TW-CYQ,,L3488888,嘉義朴子溪口IBA--東石大橋東岸(Puzi River Estuary IBA--Dongshi Bridge East Bank),23.4527019,120.1799548,2022-01-07,08:00,eBird - Traveling Count,53.04,1,1.29,,4,,,"朴子溪口NYBC
東石大橋到御龍宮"
S100254162,Kentish Plover (Kentish),Charadrius alexandrinus alexandrinus/nihonensis,5751,488,TW-CYQ,,L3488888,嘉義朴子溪口IBA--東石大橋東岸(Puzi River Estuary IBA--Dongshi Bridge East Bank),23.4527019,120.1799548,2022-01-07,08:00,eBird - Traveling Count,53.04,1,1.29,,4,,,"朴子溪口NYBC
東石大橋到御龍宮"
S100254162,Eurasian Curlew,Numenius arquata,5869,3,TW-CYQ,,L3488888,嘉義朴子溪口IBA--東石大橋東岸(Puzi River Estuary IBA--Dongshi Bridge East Bank),23.4527019,120.1799548,2022-01-07,08:00,eBird - Traveling Count,53.04,1,1.29,,4,,,"朴子溪口NYBC
東石大橋到御龍宮"
S100254162,Broad-billed Sandpiper,Calidris falcinellus,5912,1,TW-CYQ,,L3488888,嘉義朴子溪口IBA--東石大橋東岸(Puzi River Estuary IBA--Dongshi Bridge East Bank),23.4527019,120.1799548,2022-01-07,08:00,eBird - Traveling Count,53.04,1,1.29,,4,,,"朴子溪口NYBC
東石大橋到御龍宮"
S100254162,Red-necked Stint,Calidris ruficollis,5921,3,TW-CYQ,,L3488888,嘉義朴子溪口IBA--東石大橋東岸(Puzi River Estuary IBA--Dongshi Bridge East Bank),23.4527019,120.1799548,2022-01-07,08:00,eBird - Traveling Count,53.04,1,1.29,,4,,,"朴子溪口NYBC
東石大橋到御龍宮"
S100254162,Dunlin,Calidris alpina,5923,454,TW-CYQ,,L3488888,嘉義朴子溪口IBA--東石大橋東岸(Puzi River Estuary IBA--Dongshi Bridge East Bank),23.4527019,120.1799548,2022-01-07,08:00,eBird - Traveling Count,53.04,1,1.29,,4,,,"朴子溪口NYBC
東石大橋到御龍宮"
S100254162,Common Greenshank,Tringa nebularia,6037,1,TW-CYQ,,L3488888,嘉義朴子溪口IBA--東石大橋東岸(Puzi River Estuary IBA--Dongshi Bridge East Bank),23.4527019,120.1799548,2022-01-07,08:00,eBird - Traveling Count,53.04,1,1.29,,4,,,"朴子溪口NYBC
東石大橋到御龍宮"
S100254162,Black-headed Gull,Chroicocephalus ridibundus,6285,82,TW-CYQ,,L3488888,嘉義朴子溪口IBA--東石大橋東岸(Puzi River Estuary IBA--Dongshi Bridge East Bank),23.4527019,120.1799548,2022-01-07,08:00,eBird - Traveling Count,53.04,1,1.29,,4,,,"朴子溪口NYBC
東石大橋到御龍宮"
S100254162,Herring Gull,Larus argentatus,6339,1,TW-CYQ,,L3488888,嘉義朴子溪口IBA--東石大橋東岸(Puzi River Estuary IBA--Dongshi Bridge East Bank),23.4527019,120.1799548,2022-01-07,08:00,eBird - Traveling Count,53.04,1,1.29,,4,,,"朴子溪口NYBC
東石大橋到御龍宮"
S100254162,Little Tern,Sternula albifrons,6465,39,TW-CYQ,,L3488888,嘉義朴子溪口IBA--東石大橋東岸(Puzi River Estuary IBA--Dongshi Bridge East Bank),23.4527019,120.1799548,2022-01-07,08:00,eBird - Traveling Count,53.04,1,1.29,,4,,,"朴子溪口NYBC
東石大橋到御龍宮"
S100254162,Caspian Tern,Hydroprogne caspia,6501,130,TW-CYQ,,L3488888,嘉義朴子溪口IBA--東石大橋東岸(Puzi River Estuary IBA--Dongshi Bridge East Bank),23.4527019,120.1799548,2022-01-07,08:00,eBird - Traveling Count,53.04,1,1.29,,4,,,"朴子溪口NYBC
東石大橋到御龍宮"
S100254162,Whiskered Tern,Chlidonias hybrida,6507,1899,TW-CYQ,,L3488888,嘉義朴子溪口IBA--東石大橋東岸(Puzi River Estuary IBA--Dongshi Bridge East Bank),23.4527019,120.1799548,2022-01-07,08:00,eBird - Traveling Count,53.04,1,1.29,,4,,,"朴子溪口NYBC
東石大橋到御龍宮"
S100254162,Great Cormorant,Phalacrocorax carbo,7042,1,TW-CYQ,,L3488888,嘉義朴子溪口IBA--東石大橋東岸(Puzi River Estuary IBA--Dongshi Bridge East Bank),23.4527019,120.1799548,2022-01-07,08:00,eBird - Traveling Count,53.04,1,1.29,,4,,,"朴子溪口NYBC
東石大橋到御龍宮"
S100254162,Gray Heron,Ardea cinerea,7176,2,TW-CYQ,,L3488888,嘉義朴子溪口IBA--東石大橋東岸(Puzi River Estuary IBA--Dongshi Bridge East Bank),23.4527019,120.1799548,2022-01-07,08:00,eBird - Traveling Count,53.04,1,1.29,,4,,,"朴子溪口NYBC
東石大橋到御龍宮"
S100254162,Great Egret,Ardea alba,7200,7,TW-CYQ,,L3488888,嘉義朴子溪口IBA--東石大橋東岸(Puzi River Estuary IBA--Dongshi Bridge East Bank),23.4527019,120.1799548,2022-01-07,08:00,eBird - Traveling Count,53.04,1,1.29,,4,,,"朴子溪口NYBC
東石大橋到御龍宮"
S100254162,Little Egret (Western),Egretta garzetta garzetta,7218,6,TW-CYQ,,L3488888,嘉義朴子溪口IBA--東石大橋東岸(Puzi River Estuary IBA--Dongshi Bridge East Bank),23.4527019,120.1799548,2022-01-07,08:00,eBird - Traveling Count,53.04,1,1.29,,4,,,"朴子溪口NYBC
東石大橋到御龍宮"
S100254162,Black-crowned Night-Heron (Eurasian),Nycticorax nycticorax nycticorax,7306,8,TW-CYQ,,L3488888,嘉義朴子溪口IBA--東石大橋東岸(Puzi River Estuary IBA--Dongshi Bridge East Bank),23.4527019,120.1799548,2022-01-07,08:00,eBird - Traveling Count,53.04,1,1.29,,4,,,"朴子溪口NYBC
東石大橋到御龍宮"
S100254162,Osprey (haliaetus),Pandion haliaetus haliaetus,7430,1,TW-CYQ,,L3488888,嘉義朴子溪口IBA--東石大橋東岸(Puzi River Estuary IBA--Dongshi Bridge East Bank),23.4527019,120.1799548,2022-01-07,08:00,eBird - Traveling Count,53.04,1,1.29,,4,,,"朴子溪口NYBC
東石大橋到御龍宮"
S100254162,Black-winged Kite,Elanus caeruleus,7438,2,TW-CYQ,,L3488888,嘉義朴子溪口IBA--東石大橋東岸(Puzi River Estuary IBA--Dongshi Bridge East Bank),23.4527019,120.1799548,2022-01-07,08:00,eBird - Traveling Count,53.04,1,1.29,,4,,,"朴子溪口NYBC
東石大橋到御龍宮"
S100254162,Common Kingfisher (Common),Alcedo atthis [atthis Group],9390,1,TW-CYQ,,L3488888,嘉義朴子溪口IBA--東石大橋東岸(Puzi River Estuary IBA--Dongshi Bridge East Bank),23.4527019,120.1799548,2022-01-07,08:00,eBird - Traveling Count,53.04,1,1.29,,4,,,"朴子溪口NYBC
東石大橋到御龍宮"
S100254162,Oriental Magpie,Pica serica,20672,1,TW-CYQ,,L3488888,嘉義朴子溪口IBA--東石大橋東岸(Puzi River Estuary IBA--Dongshi Bridge East Bank),23.4527019,120.1799548,2022-01-07,08:00,eBird - Traveling Count,53.04,1,1.29,,4,,,"朴子溪口NYBC
東石大橋到御龍宮"
S100254162,Yellow-bellied Prinia (Chinese),Prinia flaviventris sonitans,22436,1,TW-CYQ,,L3488888,嘉義朴子溪口IBA--東石大橋東岸(Puzi River Estuary IBA--Dongshi Bridge East Bank),23.4527019,120.1799548,2022-01-07,08:00,eBird - Traveling Count,53.04,1,1.29,,4,,,"朴子溪口NYBC
東石大橋到御龍宮"
S100254162,Plain Prinia,Prinia inornata,22454,6,TW-CYQ,,L3488888,嘉義朴子溪口IBA--東石大橋東岸(Puzi River Estuary IBA--Dongshi Bridge East Bank),23.4527019,120.1799548,2022-01-07,08:00,eBird - Traveling Count,53.04,1,1.29,,4,,,"朴子溪口NYBC
東石大橋到御龍宮"
S100254162,Gray-throated Martin,Riparia chinensis,23238,9,TW-CYQ,,L3488888,嘉義朴子溪口IBA--東石大橋東岸(Puzi River Estuary IBA--Dongshi Bridge East Bank),23.4527019,120.1799548,2022-01-07,08:00,eBird - Traveling Count,53.04,1,1.29,,4,,,"朴子溪口NYBC
東石大橋到御龍宮"
S100254162,Barn Swallow (Buff-bellied),Hirundo rustica gutturalis/mandschurica,23296,15,TW-CYQ,,L3488888,嘉義朴子溪口IBA--東石大橋東岸(Puzi River Estuary IBA--Dongshi Bridge East Bank),23.4527019,120.1799548,2022-01-07,08:00,eBird - Traveling Count,53.04,1,1.29,,4,,,"朴子溪口NYBC
東石大橋到御龍宮"
S100254162,Light-vented Bulbul (formosae/orii),Pycnonotus sinensis formosae/orii,23675,4,TW-CYQ,,L3488888,嘉義朴子溪口IBA--東石大橋東岸(Puzi River Estuary IBA--Dongshi Bridge East Bank),23.4527019,120.1799548,2022-01-07,08:00,eBird - Traveling Count,53.04,1,1.29,,4,,,"朴子溪口NYBC
東石大橋到御龍宮"
S100254162,Swinhoe's White-eye,Zosterops simplex,24735,4,TW-CYQ,,L3488888,嘉義朴子溪口IBA--東石大橋東岸(Puzi River Estuary IBA--Dongshi Bridge East Bank),23.4527019,120.1799548,2022-01-07,08:00,eBird - Traveling Count,53.04,1,1.29,,4,,,"朴子溪口NYBC
東石大橋到御龍宮"
S100254162,Common Myna,Acridotheres tristis,26935,1,TW-CYQ,,L3488888,嘉義朴子溪口IBA--東石大橋東岸(Puzi River Estuary IBA--Dongshi Bridge East Bank),23.4527019,120.1799548,2022-01-07,08:00,eBird - Traveling Count,53.04,1,1.29,,4,,,"朴子溪口NYBC
東石大橋到御龍宮"
S100254162,Javan Myna,Acridotheres javanicus,26952,17,TW-CYQ,,L3488888,嘉義朴子溪口IBA--東石大橋東岸(Puzi River Estuary IBA--Dongshi Bridge East Bank),23.4527019,120.1799548,2022-01-07,08:00,eBird - Traveling Count,53.04,1,1.29,,4,,,"朴子溪口NYBC
東石大橋到御龍宮"
S100254162,Eurasian Tree Sparrow,Passer montanus,30560,10,TW-CYQ,,L3488888,嘉義朴子溪口IBA--東石大橋東岸(Puzi River Estuary IBA--Dongshi Bridge East Bank),23.4527019,120.1799548,2022-01-07,08:00,eBird - Traveling Count,53.04,1,1.29,,4,,,"朴子溪口NYBC
東石大橋到御龍宮"
S100254162,Eastern Yellow Wagtail,Motacilla tschutschensis,30655,1,TW-CYQ,,L3488888,嘉義朴子溪口IBA--東石大橋東岸(Puzi River Estuary IBA--Dongshi Bridge East Bank),23.4527019,120.1799548,2022-01-07,08:00,eBird - Traveling Count,53.04,1,1.29,,4,,,"朴子溪口NYBC
東石大橋到御龍宮"
